Month,Globex,Open OutCry,Clear Port,Total Volume,Block Trades,EFP,EFR,EFS,TAS,Deliveries,At Close,Change,Trade Day
APR 20,"35,106",0,"3,650","38,756",257,"3,393",0,0,"6,547",0.0,"34,208","-10,853",20200323
MAY 20,"84,278",0,"2,606","86,884","1,418",750,0,0,"5,797",0.0,"115,435","10,787",20200323
JUN 20,"44,246",0,"1,203","45,449","1,203",0,0,0,491,0.0,"46,849",899,20200323
JUL 20,"29,604",0,256,"29,860",256,0,0,0,289,0.0,"29,214",126,20200323
AUG 20,"17,988",0,100,"18,088",100,0,0,0,179,0.0,"18,158",491,20200323
SEP 20,"19,120",0,615,"19,735",615,0,0,0,72,0.0,"30,270",906,20200323
OCT 20,"11,292",0,600,"11,892",600,0,0,0,1,0.0,"16,462",-853,20200323
NOV 20,"8,071",0,600,"8,671",600,0,0,0,0,0.0,"16,784",-544,20200323
DEC 20,"12,932",0,947,"13,879",947,0,0,0,0,0.0,"34,168","2,440",20200323
JAN 21,"3,963",0,600,"4,563",600,0,0,0,0,0.0,"4,103",137,20200323
FEB 21,"2,025",0,0,"2,025",0,0,0,0,0,0.0,"1,837",363,20200323
MAR 21,"2,038",0,0,"2,038",0,0,0,0,0,0.0,"4,325",606,20200323
APR 21,"1,085",0,0,"1,085",0,0,0,0,0,0.0,"2,840",42,20200323
MAY 21,375,0,0,375,0,0,0,0,0,0.0,821,-2,20200323
JUN 21,"3,090",0,400,"3,490",400,0,0,0,0,0.0,"9,408","2,044",20200323
JUL 21,165,0,0,165,0,0,0,0,0,0.0,321,79,20200323
AUG 21,49,0,0,49,0,0,0,0,0,0.0,192,17,20200323
SEP 21,137,0,0,137,0,0,0,0,0,0.0,439,103,20200323
OCT 21,17,0,0,17,0,0,0,0,0,0.0,215,-9,20200323
NOV 21,0,0,0,0,0,0,0,0,0,0.0,180,0,20200323
DEC 21,799,0,0,799,0,0,0,0,0,0.0,"3,966",455,20200323
JAN 22,0,0,0,0,0,0,0,0,0,0.0,233,0,20200323
FEB 22,0,0,0,0,0,0,0,0,0,0.0,7,0,20200323
MAR 22,0,0,0,0,0,0,0,0,0,0.0,5,0,20200323
APR 22,0,0,0,0,0,0,0,0,0,0.0,11,0,20200323
MAY 22,0,0,0,0,0,0,0,0,0,0.0,3,0,20200323
JUN 22,0,0,0,0,0,0,0,0,0,0.0,51,0,20200323
JUL 22,0,0,0,0,0,0,0,0,0,0.0,1,0,20200323
AUG 22,0,0,0,0,0,0,0,0,0,0.0,2,0,20200323
SEP 22,0,0,0,0,0,0,0,0,0,0.0,1,0,20200323
OCT 22,0,0,0,0,0,0,0,0,0,0.0,1,0,20200323
NOV 22,0,0,0,0,0,0,0,0,0,0.0,1,0,20200323
DEC 22,0,0,0,0,0,0,0,0,0,0.0,2,0,20200323
JAN 23,0,0,0,0,0,0,0,0,0,0.0,5,0,20200323
APR 20,"26,098",0,"4,618","30,716",463,"4,155",0,0,"8,339",0.0,"27,405","-6,671",20200324
MAY 20,"87,647",0,"1,910","89,557",627,"1,210",0,0,"11,090",0.0,"115,965",-202,20200324
JUN 20,"45,488",0,137,"45,625",137,0,0,0,"2,194",0.0,"48,877","2,028",20200324
JUL 20,"30,055",0,950,"31,005",950,0,0,0,304,0.0,"30,076",854,20200324
AUG 20,"20,467",0,200,"20,667",200,0,0,0,240,0.0,"19,247","1,078",20200324
SEP 20,"22,632",0,"1,196","23,828","1,146",50,0,0,10,0.0,"30,963",569,20200324
OCT 20,"16,571",0,966,"17,537",966,0,0,0,1,0.0,"17,882","1,420",20200324
NOV 20,"8,974",0,20,"8,994",20,0,0,0,0,0.0,"16,805",21,20200324
DEC 20,"13,503",0,20,"13,523",20,0,0,0,0,0.0,"34,384",209,20200324
JAN 21,"2,795",0,20,"2,815",20,0,0,0,0,0.0,"5,018",915,20200324
FEB 21,588,0,20,608,20,0,0,0,0,0.0,"1,869",32,20200324
MAR 21,403,0,20,423,20,0,0,0,0,0.0,"4,442",117,20200324
APR 21,"1,129",0,25,"1,154",25,0,0,0,0,0.0,"3,164",324,20200324
MAY 21,936,0,25,961,25,0,0,0,0,0.0,887,66,20200324
JUN 21,"2,014",0,25,"2,039",25,0,0,0,0,0.0,"10,037",629,20200324
JUL 21,161,0,25,186,25,0,0,0,0,0.0,356,35,20200324
AUG 21,108,0,25,133,25,0,0,0,0,0.0,216,24,20200324
SEP 21,176,0,25,201,25,0,0,0,0,0.0,546,107,20200324
OCT 21,17,0,0,17,0,0,0,0,0,0.0,207,-8,20200324
NOV 21,15,0,0,15,0,0,0,0,0,0.0,176,-4,20200324
DEC 21,"1,007",0,0,"1,007",0,0,0,0,0,0.0,"4,415",449,20200324
JAN 22,0,0,0,0,0,0,0,0,0,0.0,233,0,20200324
FEB 22,0,0,0,0,0,0,0,0,0,0.0,7,0,20200324
MAR 22,0,0,0,0,0,0,0,0,0,0.0,5,0,20200324
APR 22,0,0,0,0,0,0,0,0,0,0.0,11,0,20200324
MAY 22,0,0,0,0,0,0,0,0,0,0.0,3,0,20200324
JUN 22,63,0,0,63,0,0,0,0,0,0.0,76,25,20200324
JUL 22,0,0,0,0,0,0,0,0,0,0.0,1,0,20200324
AUG 22,0,0,0,0,0,0,0,0,0,0.0,2,0,20200324
SEP 22,0,0,0,0,0,0,0,0,0,0.0,1,0,20200324
OCT 22,0,0,0,0,0,0,0,0,0,0.0,1,0,20200324
NOV 22,0,0,0,0,0,0,0,0,0,0.0,1,0,20200324
DEC 22,0,0,0,0,0,0,0,0,0,0.0,2,0,20200324
JAN 23,0,0,0,0,0,0,0,0,0,0.0,5,0,20200324
APR 20,"20,957",0,"4,297","25,254",0,"4,297",0,0,"6,782",0.0,"18,250","-8,815",20200325
MAY 20,"76,351",0,"2,066","78,417",578,"1,488",0,0,"7,436",0.0,"114,622",218,20200325
JUN 20,"41,987",0,258,"42,245",258,0,0,0,"1,621",0.0,"48,416",-377,20200325
JUL 20,"27,541",0,275,"27,816",275,0,0,0,606,0.0,"30,300",230,20200325
AUG 20,"15,635",0,165,"15,800",165,0,0,0,225,0.0,"18,911",-336,20200325
SEP 20,"14,655",0,75,"14,730",0,75,0,0,217,0.0,"30,480",-477,20200325
OCT 20,"6,843",0,0,"6,843",0,0,0,0,0,0.0,"17,654",-228,20200325
NOV 20,"5,158",0,0,"5,158",0,0,0,0,0,0.0,"16,671",-134,20200325
DEC 20,"8,690",0,50,"8,740",50,0,0,0,0,0.0,"35,391","1,007",20200325
JAN 21,"1,071",0,0,"1,071",0,0,0,0,0,0.0,"5,074",56,20200325
FEB 21,394,0,0,394,0,0,0,0,0,0.0,"1,766",-103,20200325
MAR 21,763,0,0,763,0,0,0,0,0,0.0,"4,214",-228,20200325
APR 21,341,0,0,341,0,0,0,0,0,0.0,"3,183",19,20200325
MAY 21,189,0,0,189,0,0,0,0,0,0.0,867,-20,20200325
JUN 21,614,0,0,614,0,0,0,0,0,0.0,"10,201",164,20200325
JUL 21,171,0,0,171,0,0,0,0,0,0.0,345,-11,20200325
AUG 21,94,0,0,94,0,0,0,0,0,0.0,231,15,20200325
SEP 21,89,0,0,89,0,0,0,0,0,0.0,562,16,20200325
OCT 21,113,0,0,113,0,0,0,0,0,0.0,217,10,20200325
NOV 21,68,0,0,68,0,0,0,0,0,0.0,178,2,20200325
DEC 21,302,0,150,452,150,0,0,0,0,0.0,"4,713",298,20200325
JAN 22,2,0,0,2,0,0,0,0,0,0.0,233,0,20200325
FEB 22,0,0,0,0,0,0,0,0,0,0.0,7,0,20200325
MAR 22,0,0,0,0,0,0,0,0,0,0.0,5,0,20200325
APR 22,0,0,0,0,0,0,0,0,0,0.0,11,0,20200325
MAY 22,0,0,0,0,0,0,0,0,0,0.0,3,0,20200325
JUN 22,1,0,0,1,0,0,0,0,0,0.0,76,0,20200325
JUL 22,0,0,0,0,0,0,0,0,0,0.0,1,0,20200325
AUG 22,0,0,0,0,0,0,0,0,0,0.0,2,0,20200325
SEP 22,0,0,0,0,0,0,0,0,0,0.0,1,0,20200325
OCT 22,0,0,0,0,0,0,0,0,0,0.0,1,0,20200325
NOV 22,0,0,0,0,0,0,0,0,0,0.0,1,0,20200325
DEC 22,0,0,0,0,0,0,0,0,0,0.0,2,0,20200325
JAN 23,0,0,0,0,0,0,0,0,0,0.0,5,0,20200325
APR 20,"14,366",0,"4,010","18,376",0,"3,985",0,0,"5,582",0.0,"13,206","-5,004",20200326
MAY 20,"60,674",0,"1,840","62,514",88,"1,752",0,0,"6,957",0.0,"115,382",787,20200326
JUN 20,"33,562",0,122,"33,684",122,0,0,0,"1,344",0.0,"49,854","1,718",20200326
JUL 20,"22,938",0,115,"23,053",115,0,0,0,422,0.0,"30,396",96,20200326
AUG 20,"13,727",0,116,"13,843",115,1,0,0,201,0.0,"19,109",198,20200326
SEP 20,"12,281",0,66,"12,347",65,1,0,0,79,0.0,"30,275",-205,20200326
OCT 20,"8,824",0,15,"8,839",15,0,0,0,0,0.0,"17,927",272,20200326
NOV 20,"5,433",0,15,"5,448",15,0,0,0,0,0.0,"16,919",248,20200326
DEC 20,"11,530",0,15,"11,545",15,0,0,0,0,0.0,"35,571",180,20200326
JAN 21,"2,361",0,0,"2,361",0,0,0,0,0,0.0,"5,807",733,20200326
FEB 21,"1,056",0,0,"1,056",0,0,0,0,0,0.0,"1,724",-42,20200326
MAR 21,"1,729",0,0,"1,729",0,0,0,0,0,0.0,"4,528",314,20200326
APR 21,"1,495",0,0,"1,495",0,0,0,0,0,0.0,"3,344",161,20200326
MAY 21,"1,121",0,0,"1,121",0,0,0,0,0,0.0,"1,106",239,20200326
JUN 21,"1,985",0,0,"1,985",0,0,0,0,0,0.0,"10,541",340,20200326
JUL 21,203,0,15,218,15,0,0,0,0,0.0,449,104,20200326
AUG 21,99,0,15,114,15,0,0,0,0,0.0,289,58,20200326
SEP 21,87,0,15,102,15,0,0,0,0,0.0,587,25,20200326
OCT 21,68,0,15,83,15,0,0,0,0,0.0,203,-14,20200326
NOV 21,5,0,15,20,15,0,0,0,0,0.0,190,12,20200326
DEC 21,686,0,15,701,15,0,0,0,0,0.0,"4,913",200,20200326
JAN 22,13,0,0,13,0,0,0,0,0,0.0,233,0,20200326
FEB 22,1,0,0,1,0,0,0,0,0,0.0,8,1,20200326
MAR 22,1,0,0,1,0,0,0,0,0,0.0,6,1,20200326
APR 22,0,0,0,0,0,0,0,0,0,0.0,11,0,20200326
MAY 22,0,0,0,0,0,0,0,0,0,0.0,3,0,20200326
JUN 22,28,0,0,28,0,0,0,0,0,0.0,101,25,20200326
JUL 22,0,0,0,0,0,0,0,0,0,0.0,1,0,20200326
AUG 22,0,0,0,0,0,0,0,0,0,0.0,2,0,20200326
SEP 22,0,0,0,0,0,0,0,0,0,0.0,1,0,20200326
OCT 22,0,0,0,0,0,0,0,0,0,0.0,1,0,20200326
NOV 22,0,0,0,0,0,0,0,0,0,0.0,1,0,20200326
DEC 22,0,0,0,0,0,0,0,0,0,0.0,2,0,20200326
JAN 23,0,0,0,0,0,0,0,0,0,0.0,5,0,20200326
APR 20,"12,060",0,"3,222","15,282",0,"3,222",0,0,"4,523",0.0,"8,983","-3,973",20200327
MAY 20,"59,119",0,"2,900","62,019","1,083","1,817",0,0,"7,579",0.0,"112,516","-2,863",20200327
JUN 20,"34,590",0,811,"35,401",761,50,0,0,"1,846",0.0,"51,620","1,669",20200327
JUL 20,"20,012",0,0,"20,012",0,0,0,0,599,0.0,"31,558","1,316",20200327
AUG 20,"9,508",0,0,"9,508",0,0,0,0,290,0.0,"19,099",-1,20200327
SEP 20,"13,647",0,298,"13,945",298,0,0,0,160,0.0,"29,262","-1,010",20200327
OCT 20,"8,429",0,200,"8,629",200,0,0,0,0,0.0,"17,694",-233,20200327
NOV 20,"5,582",0,0,"5,582",0,0,0,0,0,0.0,"16,487",-432,20200327
DEC 20,"13,425",0,0,"13,425",0,0,0,0,0,0.0,"37,099","1,378",20200327
JAN 21,"2,145",0,0,"2,145",0,0,0,0,0,0.0,"6,197",390,20200327
FEB 21,"1,041",0,0,"1,041",0,0,0,0,0,0.0,"1,958",234,20200327
MAR 21,"1,180",0,0,"1,180",0,0,0,0,0,0.0,"4,872",344,20200327
APR 21,346,0,0,346,0,0,0,0,0,0.0,"3,459",115,20200327
MAY 21,97,0,0,97,0,0,0,0,0,0.0,"1,100",-6,20200327
JUN 21,715,0,0,715,0,0,0,0,0,0.0,"10,929",149,20200327
JUL 21,70,0,0,70,0,0,0,0,0,0.0,473,24,20200327
AUG 21,23,0,0,23,0,0,0,0,0,0.0,310,21,20200327
SEP 21,104,0,0,104,0,0,0,0,0,0.0,637,50,20200327
OCT 21,70,0,0,70,0,0,0,0,0,0.0,208,5,20200327
NOV 21,90,0,0,90,0,0,0,0,0,0.0,184,-6,20200327
DEC 21,"1,350",0,50,"1,400",50,0,0,0,0,0.0,"5,435",522,20200327
JAN 22,0,0,0,0,0,0,0,0,0,0.0,233,0,20200327
FEB 22,0,0,0,0,0,0,0,0,0,0.0,8,0,20200327
MAR 22,0,0,0,0,0,0,0,0,0,0.0,6,0,20200327
APR 22,0,0,0,0,0,0,0,0,0,0.0,11,0,20200327
MAY 22,0,0,0,0,0,0,0,0,0,0.0,3,0,20200327
JUN 22,50,0,0,50,0,0,0,0,0,0.0,151,50,20200327
JUL 22,0,0,0,0,0,0,0,0,0,0.0,1,0,20200327
AUG 22,0,0,0,0,0,0,0,0,0,0.0,2,0,20200327
SEP 22,0,0,0,0,0,0,0,0,0,0.0,1,0,20200327
OCT 22,0,0,0,0,0,0,0,0,0,0.0,1,0,20200327
NOV 22,0,0,0,0,0,0,0,0,0,0.0,1,0,20200327
DEC 22,0,0,0,0,0,0,0,0,0,0.0,2,0,20200327
JAN 23,0,0,0,0,0,0,0,0,0,0.0,5,0,20200327
APR 20,"10,414",0,"1,307","11,721",0,"1,307",0,0,"4,362",0.0,"3,490","-5,493",20200330
MAY 20,"60,218",0,"3,025","63,243","1,227","1,798",0,0,"6,340",0.0,"112,774","1,802",20200330
JUN 20,"38,908",0,475,"39,383",375,50,0,0,"1,233",0.0,"54,794","3,175",20200330
JUL 20,"22,141",0,25,"22,166",25,0,0,0,727,0.0,"34,286","1,812",20200330
AUG 20,"10,208",0,0,"10,208",0,0,0,0,153,0.0,"19,114",178,20200330
SEP 20,"11,932",0,239,"12,171",239,0,0,0,67,0.0,"29,715",320,20200330
OCT 20,"9,049",0,225,"9,274",225,0,0,0,0,0.0,"18,037",458,20200330
NOV 20,"5,548",0,0,"5,548",0,0,0,0,0,0.0,"16,381",-106,20200330
DEC 20,"8,159",0,0,"8,159",0,0,0,0,0,0.0,"36,772",-333,20200330
JAN 21,"2,091",0,100,"2,191",100,0,0,0,0,0.0,"6,392",195,20200330
FEB 21,861,0,0,861,0,0,0,0,0,0.0,"2,030",72,20200330
MAR 21,"1,170",0,0,"1,170",0,0,0,0,0,0.0,"5,096",224,20200330
APR 21,524,0,0,524,0,0,0,0,0,0.0,"3,510",51,20200330
MAY 21,341,0,0,341,0,0,0,0,0,0.0,"1,120",20,20200330
JUN 21,868,0,250,"1,118",250,0,0,0,0,0.0,"11,223",293,20200330
JUL 21,61,0,0,61,0,0,0,0,0,0.0,427,-46,20200330
AUG 21,163,0,0,163,0,0,0,0,0,0.0,327,17,20200330
SEP 21,251,0,0,251,0,0,0,0,0,0.0,685,48,20200330
OCT 21,128,0,0,128,0,0,0,0,0,0.0,240,32,20200330
NOV 21,17,0,0,17,0,0,0,0,0,0.0,172,-12,20200330
DEC 21,284,0,250,534,250,0,0,0,0,0.0,"5,609",174,20200330
JAN 22,0,0,0,0,0,0,0,0,0,0.0,233,0,20200330
FEB 22,0,0,0,0,0,0,0,0,0,0.0,8,0,20200330
MAR 22,0,0,0,0,0,0,0,0,0,0.0,6,0,20200330
APR 22,0,0,0,0,0,0,0,0,0,0.0,11,0,20200330
MAY 22,30,0,0,30,0,0,0,0,0,0.0,33,30,20200330
JUN 22,0,0,0,0,0,0,0,0,0,0.0,151,0,20200330
JUL 22,0,0,0,0,0,0,0,0,0,0.0,1,0,20200330
AUG 22,0,0,0,0,0,0,0,0,0,0.0,2,0,20200330
SEP 22,0,0,0,0,0,0,0,0,0,0.0,1,0,20200330
OCT 22,0,0,0,0,0,0,0,0,0,0.0,1,0,20200330
NOV 22,0,0,0,0,0,0,0,0,0,0.0,1,0,20200330
DEC 22,0,0,0,0,0,0,0,0,0,0.0,2,0,20200330
JAN 23,0,0,0,0,0,0,0,0,0,0.0,5,0,20200330
APR 20,"2,690",0,"1,797","4,487",160,"1,637",0,0,0,0.0,639,"-2,633",20200331
MAY 20,"60,550",0,"2,800","63,350","1,240","1,560",0,0,"6,083",0.0,"108,102","-4,635",20200331
JUN 20,"37,579",0,969,"38,548",969,0,0,0,"1,585",0.0,"58,489","3,695",20200331
JUL 20,"21,220",0,50,"21,270",50,0,0,0,874,0.0,"35,413","1,126",20200331
AUG 20,"12,228",0,0,"12,228",0,0,0,0,222,0.0,"19,909",795,20200331
SEP 20,"11,547",0,181,"11,728",181,0,0,0,76,0.0,"30,084",369,20200331
OCT 20,"6,232",0,0,"6,232",0,0,0,0,0,0.0,"18,747",710,20200331
NOV 20,"3,158",0,0,"3,158",0,0,0,0,0,0.0,"16,200",-181,20200331
DEC 20,"5,409",0,275,"5,684",275,0,0,0,0,0.0,"36,983",211,20200331
JAN 21,928,0,0,928,0,0,0,0,0,0.0,"6,363",-29,20200331
FEB 21,381,0,0,381,0,0,0,0,0,0.0,"1,989",-41,20200331
MAR 21,720,0,0,720,0,0,0,0,0,0.0,"5,044",-52,20200331
APR 21,765,0,0,765,0,0,0,0,0,0.0,"3,480",-30,20200331
MAY 21,508,0,0,508,0,0,0,0,0,0.0,"1,106",-14,20200331
JUN 21,"2,151",0,601,"2,752",601,0,0,0,0,0.0,"12,526","1,303",20200331
JUL 21,36,0,0,36,0,0,0,0,0,0.0,443,16,20200331
AUG 21,25,0,0,25,0,0,0,0,0,0.0,347,20,20200331
SEP 21,2,0,0,2,0,0,0,0,0,0.0,686,1,20200331
OCT 21,22,0,0,22,0,0,0,0,0,0.0,220,-20,20200331
NOV 21,2,0,0,2,0,0,0,0,0,0.0,171,-1,20200331
DEC 21,447,0,100,547,100,0,0,0,0,0.0,"5,845",236,20200331
JAN 22,0,0,0,0,0,0,0,0,0,0.0,233,0,20200331
FEB 22,0,0,0,0,0,0,0,0,0,0.0,8,0,20200331
MAR 22,0,0,0,0,0,0,0,0,0,0.0,6,0,20200331
APR 22,0,0,0,0,0,0,0,0,0,0.0,11,0,20200331
MAY 22,0,0,0,0,0,0,0,0,0,0.0,33,0,20200331
JUN 22,0,0,0,0,0,0,0,0,0,0.0,151,0,20200331
JUL 22,0,0,0,0,0,0,0,0,0,0.0,1,0,20200331
AUG 22,0,0,0,0,0,0,0,0,0,0.0,2,0,20200331
SEP 22,0,0,0,0,0,0,0,0,0,0.0,1,0,20200331
OCT 22,0,0,0,0,0,0,0,0,0,0.0,1,0,20200331
NOV 22,0,0,0,0,0,0,0,0,0,0.0,1,0,20200331
DEC 22,0,0,0,0,0,0,0,0,0,0.0,2,0,20200331
JAN 23,0,0,0,0,0,0,0,0,0,0.0,5,0,20200331
APR 20,0,0,217,217,0,217,0,0,0,0.0,374,-215,20200401
MAY 20,"64,563",0,"4,222","68,785",135,"4,087",0,0,"5,395",0.0,"109,643","1,743",20200401
JUN 20,"48,824",0,400,"49,224",400,0,0,0,"2,192",0.0,"61,164","2,675",20200401
JUL 20,"29,207",0,200,"29,407",200,0,0,0,"1,697",0.0,"36,196",784,20200401
AUG 20,"16,946",0,0,"16,946",0,0,0,0,278,0.0,"21,155","1,246",20200401
SEP 20,"12,443",0,0,"12,443",0,0,0,0,570,0.0,"30,012",-71,20200401
OCT 20,"6,752",0,0,"6,752",0,0,0,0,147,0.0,"19,546",799,20200401
NOV 20,"3,852",0,15,"3,867",15,0,0,0,1,0.0,"16,149",-51,20200401
DEC 20,"6,083",0,115,"6,198",115,0,0,0,0,0.0,"36,498",-485,20200401
JAN 21,"1,151",0,15,"1,166",15,0,0,0,0,0.0,"6,475",112,20200401
FEB 21,581,0,0,581,0,0,0,0,0,0.0,"1,938",-51,20200401
MAR 21,586,0,0,586,0,0,0,0,0,0.0,"4,982",-62,20200401
APR 21,425,0,0,425,0,0,0,0,0,0.0,"3,511",31,20200401
MAY 21,220,0,0,220,0,0,0,0,0,0.0,"1,119",13,20200401
JUN 21,918,0,60,978,60,0,0,0,0,0.0,"12,814",288,20200401
JUL 21,22,0,0,22,0,0,0,0,0,0.0,463,20,20200401
AUG 21,0,0,0,0,0,0,0,0,0,0.0,347,0,20200401
SEP 21,1,0,0,1,0,0,0,0,0,0.0,686,0,20200401
OCT 21,25,0,0,25,0,0,0,0,0,0.0,210,-10,20200401
NOV 21,1,0,0,1,0,0,0,0,0,0.0,171,0,20200401
DEC 21,196,0,250,446,250,0,0,0,0,0.0,"5,814",-31,20200401
JAN 22,0,0,0,0,0,0,0,0,0,0.0,233,0,20200401
FEB 22,0,0,0,0,0,0,0,0,0,0.0,8,0,20200401
MAR 22,0,0,0,0,0,0,0,0,0,0.0,6,0,20200401
APR 22,0,0,0,0,0,0,0,0,0,0.0,11,0,20200401
MAY 22,0,0,0,0,0,0,0,0,0,0.0,33,0,20200401
JUN 22,0,0,0,0,0,0,0,0,0,0.0,151,0,20200401
JUL 22,0,0,0,0,0,0,0,0,0,0.0,1,0,20200401
AUG 22,0,0,0,0,0,0,0,0,0,0.0,2,0,20200401
SEP 22,0,0,0,0,0,0,0,0,0,0.0,1,0,20200401
OCT 22,0,0,0,0,0,0,0,0,0,0.0,1,0,20200401
NOV 22,0,0,0,0,0,0,0,0,0,0.0,1,0,20200401
DEC 22,0,0,0,0,0,0,0,0,0,0.0,2,0,20200401
JAN 23,0,0,0,0,0,0,0,0,0,0.0,5,0,20200401
APR 20,0,0,0,0,0,0,0,0,0,372.0,2,-372,20200402
MAY 20,"59,389",0,"2,507","61,896",139,"2,368",0,0,"4,783",0.0,"115,109","5,983",20200402
JUN 20,"47,159",0,229,"47,388",229,0,0,0,"2,281",0.0,"62,408","1,244",20200402
JUL 20,"24,386",0,471,"24,857",471,0,0,0,744,0.0,"36,171",340,20200402
AUG 20,"22,091",0,21,"22,112",21,0,0,0,"2,290",0.0,"21,330",322,20200402
SEP 20,"19,346",0,665,"20,011",665,0,0,0,364,0.0,"29,203",-809,20200402
OCT 20,"11,246",0,300,"11,546",300,0,0,0,3,0.0,"20,168",622,20200402
NOV 20,"9,977",0,595,"10,572",595,0,0,0,105,0.0,"15,817",-332,20200402
DEC 20,"16,822",0,60,"16,882",60,0,0,0,0,0.0,"32,651","-3,847",20200402
JAN 21,"3,252",0,0,"3,252",0,0,0,0,0,0.0,"6,283",-192,20200402
FEB 21,"1,507",0,0,"1,507",0,0,0,0,0,0.0,"1,927",-11,20200402
MAR 21,"2,428",0,0,"2,428",0,0,0,0,0,0.0,"5,316",334,20200402
APR 21,"2,091",0,0,"2,091",0,0,0,0,0,0.0,"3,971",460,20200402
MAY 21,"1,897",0,0,"1,897",0,0,0,0,0,0.0,"1,410",291,20200402
JUN 21,"5,028",0,398,"5,426",398,0,0,0,0,0.0,"13,259",445,20200402
JUL 21,252,0,0,252,0,0,0,0,0,0.0,548,85,20200402
AUG 21,279,0,0,279,0,0,0,0,0,0.0,386,39,20200402
SEP 21,369,0,0,369,0,0,0,0,0,0.0,846,160,20200402
OCT 21,188,0,0,188,0,0,0,0,0,0.0,332,122,20200402
NOV 21,226,0,0,226,0,0,0,0,0,0.0,332,161,20200402
DEC 21,462,0,348,810,348,0,0,0,0,0.0,"5,619",-195,20200402
JAN 22,0,0,0,0,0,0,0,0,0,0.0,233,0,20200402
FEB 22,0,0,0,0,0,0,0,0,0,0.0,8,0,20200402
MAR 22,0,0,0,0,0,0,0,0,0,0.0,6,0,20200402
APR 22,0,0,0,0,0,0,0,0,0,0.0,11,0,20200402
MAY 22,0,0,0,0,0,0,0,0,0,0.0,33,0,20200402
JUN 22,102,0,0,102,0,0,0,0,0,0.0,253,102,20200402
JUL 22,0,0,0,0,0,0,0,0,0,0.0,1,0,20200402
AUG 22,0,0,0,0,0,0,0,0,0,0.0,2,0,20200402
SEP 22,0,0,0,0,0,0,0,0,0,0.0,1,0,20200402
OCT 22,0,0,0,0,0,0,0,0,0,0.0,1,0,20200402
NOV 22,0,0,0,0,0,0,0,0,0,0.0,1,0,20200402
DEC 22,0,0,0,0,0,0,0,0,0,0.0,2,0,20200402
JAN 23,0,0,0,0,0,0,0,0,0,0.0,5,0,20200402
APR 20,0,0,0,0,0,0,0,0,0,0.0,2,0,20200403
MAY 20,"47,969",0,"2,305","50,274",745,"1,509",0,0,"9,120",0.0,"109,937","-5,169",20200403
JUN 20,"34,067",0,"1,147","35,214","1,147",0,0,0,"2,140",0.0,"60,586","-1,822",20200403
JUL 20,"24,270",0,335,"24,605",310,25,0,0,"1,991",0.0,"35,754",-52,20200403
AUG 20,"14,265",0,38,"14,303",38,0,0,0,369,0.0,"21,059",-36,20200403
SEP 20,"15,987",0,263,"16,250",213,50,0,0,"1,195",0.0,"30,089",886,20200403
OCT 20,"7,936",0,200,"8,136",200,0,0,0,19,0.0,"21,016",847,20200403
NOV 20,"5,708",0,575,"6,283",575,0,0,0,0,0.0,"16,194",377,20200403
DEC 20,"9,762",0,250,"10,012",250,0,0,0,0,0.0,"31,582","-1,073",20200403
JAN 21,"1,682",0,0,"1,682",0,0,0,0,0,0.0,"6,246",-37,20200403
FEB 21,"1,472",0,0,"1,472",0,0,0,0,0,0.0,"1,873",-54,20200403
MAR 21,"1,970",0,0,"1,970",0,0,0,0,0,0.0,"5,054",-262,20200403
APR 21,"1,982",0,25,"2,007",25,0,0,0,0,0.0,"4,193",222,20200403
MAY 21,"1,379",0,125,"1,504",125,0,0,0,0,0.0,"1,399",-11,20200403
JUN 21,"2,349",0,175,"2,524",175,0,0,0,0,0.0,"13,379",120,20200403
JUL 21,43,0,25,68,25,0,0,0,0,0.0,557,9,20200403
AUG 21,5,0,25,30,25,0,0,0,0,0.0,361,-25,20200403
SEP 21,42,0,25,67,25,0,0,0,0,0.0,855,9,20200403
OCT 21,21,0,0,21,0,0,0,0,0,0.0,319,-13,20200403
NOV 21,17,0,0,17,0,0,0,0,0,0.0,338,6,20200403
DEC 21,196,0,0,196,0,0,0,0,0,0.0,"5,619",0,20200403
JAN 22,1,0,0,1,0,0,0,0,0,0.0,233,0,20200403
FEB 22,0,0,0,0,0,0,0,0,0,0.0,8,0,20200403
MAR 22,0,0,0,0,0,0,0,0,0,0.0,6,0,20200403
APR 22,0,0,0,0,0,0,0,0,0,0.0,11,0,20200403
MAY 22,0,0,0,0,0,0,0,0,0,0.0,33,0,20200403
JUN 22,0,0,0,0,0,0,0,0,0,0.0,253,0,20200403
JUL 22,0,0,0,0,0,0,0,0,0,0.0,1,0,20200403
AUG 22,0,0,0,0,0,0,0,0,0,0.0,2,0,20200403
SEP 22,0,0,0,0,0,0,0,0,0,0.0,1,0,20200403
OCT 22,0,0,0,0,0,0,0,0,0,0.0,1,0,20200403
NOV 22,0,0,0,0,0,0,0,0,0,0.0,1,0,20200403
DEC 22,0,0,0,0,0,0,0,0,0,0.0,2,0,20200403
JAN 23,0,0,0,0,0,0,0,0,0,0.0,5,0,20200403
APR 20,0,0,0,0,0,0,0,0,0,0.0,0,-2,20200406
MAY 20,"43,132",0,"2,277","45,409",415,"1,862",0,0,"7,596",0.0,"107,299","-2,632",20200406
JUN 20,"30,559",0,510,"31,069",285,225,0,0,"1,637",0.0,"61,984","1,398",20200406
JUL 20,"16,458",0,0,"16,458",0,0,0,0,980,0.0,"35,441",-313,20200406
AUG 20,"9,332",0,0,"9,332",0,0,0,0,161,0.0,"21,009",184,20200406
SEP 20,"7,147",0,100,"7,247",100,0,0,0,513,0.0,"30,548",459,20200406
OCT 20,"3,748",0,100,"3,848",100,0,0,0,25,0.0,"21,608",591,20200406
NOV 20,"1,920",0,0,"1,920",0,0,0,0,0,0.0,"16,237",43,20200406
DEC 20,"4,877",0,0,"4,877",0,0,0,0,0,0.0,"31,503",-81,20200406
JAN 21,596,0,0,596,0,0,0,0,0,0.0,"6,313",67,20200406
FEB 21,441,0,0,441,0,0,0,0,0,0.0,"1,858",-15,20200406
MAR 21,477,0,0,477,0,0,0,0,0,0.0,"5,055",1,20200406
APR 21,496,0,0,496,0,0,0,0,0,0.0,"4,187",-6,20200406
MAY 21,426,0,0,426,0,0,0,0,0,0.0,"1,399",0,20200406
JUN 21,"1,518",0,330,"1,848",330,0,0,0,0,0.0,"13,866",487,20200406
JUL 21,89,0,0,89,0,0,0,0,0,0.0,504,-53,20200406
AUG 21,97,0,0,97,0,0,0,0,0,0.0,385,24,20200406
SEP 21,48,0,0,48,0,0,0,0,0,0.0,873,18,20200406
OCT 21,20,0,0,20,0,0,0,0,0,0.0,306,-13,20200406
NOV 21,0,0,0,0,0,0,0,0,0,0.0,338,0,20200406
DEC 21,300,0,0,300,0,0,0,0,0,0.0,"5,702",83,20200406
JAN 22,0,0,0,0,0,0,0,0,0,0.0,233,0,20200406
FEB 22,1,0,0,1,0,0,0,0,0,0.0,9,1,20200406
MAR 22,0,0,0,0,0,0,0,0,0,0.0,6,0,20200406
APR 22,1,0,0,1,0,0,0,0,0,0.0,11,0,20200406
MAY 22,0,0,0,0,0,0,0,0,0,0.0,33,0,20200406
JUN 22,1,0,0,1,0,0,0,0,0,0.0,253,0,20200406
JUL 22,0,0,0,0,0,0,0,0,0,0.0,1,0,20200406
AUG 22,1,0,0,1,0,0,0,0,0,0.0,3,1,20200406
SEP 22,0,0,0,0,0,0,0,0,0,0.0,1,0,20200406
OCT 22,1,0,0,1,0,0,0,0,0,0.0,2,1,20200406
NOV 22,0,0,0,0,0,0,0,0,0,0.0,1,0,20200406
DEC 22,1,0,0,1,0,0,0,0,0,0.0,3,1,20200406
JAN 23,0,0,0,0,0,0,0,0,0,0.0,5,0,20200406
MAY 20,"52,266",0,"5,467","57,733","1,639","3,828",0,0,"11,493",0.0,"101,111","-6,183",20200407
JUN 20,"36,419",0,"4,487","40,906","3,512",975,0,0,"6,192",0.0,"66,378","4,394",20200407
JUL 20,"22,751",0,0,"22,751",0,0,0,0,"2,405",0.0,"36,933","1,492",20200407
AUG 20,"12,960",0,82,"13,042",82,0,0,0,756,0.0,"21,941",932,20200407
SEP 20,"14,771",0,"1,102","15,873","1,002",0,0,0,"1,981",0.0,"32,272","1,724",20200407
OCT 20,"9,268",0,346,"9,614",346,0,0,0,113,0.0,"22,854","1,244",20200407
NOV 20,"6,272",0,425,"6,697",325,0,0,0,203,0.0,"15,072","-1,165",20200407
DEC 20,"7,254",0,198,"7,452",198,0,0,0,0,0.0,"31,301",-201,20200407
JAN 21,"1,243",0,0,"1,243",0,0,0,0,0,0.0,"6,229",-84,20200407
FEB 21,610,0,0,610,0,0,0,0,0,0.0,"1,798",-60,20200407
MAR 21,468,0,0,468,0,0,0,0,0,0.0,"5,046",-9,20200407
APR 21,730,0,0,730,0,0,0,0,0,0.0,"4,429",242,20200407
MAY 21,302,0,0,302,0,0,0,0,0,0.0,"1,408",9,20200407
JUN 21,"1,004",0,75,"1,079",75,0,0,0,0,0.0,"14,421",555,20200407
JUL 21,2,0,0,2,0,0,0,0,0,0.0,504,0,20200407
AUG 21,20,0,0,20,0,0,0,0,0,0.0,369,-16,20200407
SEP 21,56,0,0,56,0,0,0,0,0,0.0,880,7,20200407
OCT 21,56,0,0,56,0,0,0,0,0,0.0,262,-44,20200407
NOV 21,4,0,0,4,0,0,0,0,0,0.0,340,2,20200407
DEC 21,385,0,0,385,0,0,0,0,0,0.0,"6,002",300,20200407
JAN 22,0,0,0,0,0,0,0,0,0,0.0,233,0,20200407
FEB 22,0,0,0,0,0,0,0,0,0,0.0,9,0,20200407
MAR 22,0,0,0,0,0,0,0,0,0,0.0,6,0,20200407
APR 22,0,0,0,0,0,0,0,0,0,0.0,11,0,20200407
MAY 22,0,0,0,0,0,0,0,0,0,0.0,33,0,20200407
JUN 22,27,0,0,27,0,0,0,0,0,0.0,271,18,20200407
JUL 22,0,0,0,0,0,0,0,0,0,0.0,1,0,20200407
AUG 22,0,0,0,0,0,0,0,0,0,0.0,3,0,20200407
SEP 22,0,0,0,0,0,0,0,0,0,0.0,1,0,20200407
OCT 22,0,0,0,0,0,0,0,0,0,0.0,2,0,20200407
NOV 22,0,0,0,0,0,0,0,0,0,0.0,1,0,20200407
DEC 22,0,0,0,0,0,0,0,0,0,0.0,3,0,20200407
JAN 23,0,0,0,0,0,0,0,0,0,0.0,5,0,20200407
MAY 20,"53,431",0,"4,258","57,689","1,014","2,840",0,0,"10,108",0.0,"99,216","-1,779",20200408
JUN 20,"43,322",0,"1,092","44,414",817,25,0,0,"5,337",0.0,"68,933","4,828",20200408
JUL 20,"25,098",0,179,"25,277",25,0,0,0,"1,905",0.0,"38,663","1,718",20200408
AUG 20,"11,389",0,0,"11,389",0,0,0,0,473,0.0,"21,385",-556,20200408
SEP 20,"10,943",0,50,"10,993",50,0,0,0,816,0.0,"32,410",149,20200408
OCT 20,"7,550",0,539,"8,089",539,0,0,0,26,0.0,"24,176","1,295",20200408
NOV 20,"6,284",0,0,"6,284",0,0,0,0,3,0.0,"14,641",-431,20200408
DEC 20,"7,995",0,0,"7,995",0,0,0,0,0,0.0,"30,701",-504,20200408
JAN 21,"1,661",0,0,"1,661",0,0,0,0,0,0.0,"5,963",-266,20200408
FEB 21,862,0,0,862,0,0,0,0,0,0.0,"1,947",149,20200408
MAR 21,989,0,0,989,0,0,0,0,0,0.0,"5,039",-7,20200408
APR 21,"1,510",0,0,"1,510",0,0,0,0,0,0.0,"4,608",179,20200408
MAY 21,917,0,0,917,0,0,0,0,0,0.0,"1,274",-134,20200408
JUN 21,"1,064",0,175,"1,239",175,0,0,0,0,0.0,"14,548",127,20200408
JUL 21,4,0,0,4,0,0,0,0,0,0.0,507,3,20200408
AUG 21,0,0,0,0,0,0,0,0,0,0.0,369,0,20200408
SEP 21,2,0,0,2,0,0,0,0,0,0.0,881,1,20200408
OCT 21,3,0,0,3,0,0,0,0,0,0.0,263,1,20200408
NOV 21,3,0,0,3,0,0,0,0,0,0.0,341,1,20200408
DEC 21,479,0,0,479,0,0,0,0,0,0.0,"6,108",106,20200408
JAN 22,0,0,0,0,0,0,0,0,0,0.0,233,0,20200408
FEB 22,0,0,0,0,0,0,0,0,0,0.0,9,0,20200408
MAR 22,0,0,0,0,0,0,0,0,0,0.0,6,0,20200408
APR 22,0,0,0,0,0,0,0,0,0,0.0,11,0,20200408
MAY 22,0,0,0,0,0,0,0,0,0,0.0,33,0,20200408
JUN 22,0,0,0,0,0,0,0,0,0,0.0,271,0,20200408
JUL 22,0,0,0,0,0,0,0,0,0,0.0,1,0,20200408
AUG 22,0,0,0,0,0,0,0,0,0,0.0,3,0,20200408
SEP 22,0,0,0,0,0,0,0,0,0,0.0,1,0,20200408
OCT 22,0,0,0,0,0,0,0,0,0,0.0,2,0,20200408
NOV 22,0,0,0,0,0,0,0,0,0,0.0,1,0,20200408
DEC 22,0,0,0,0,0,0,0,0,0,0.0,3,0,20200408
JAN 23,0,0,0,0,0,0,0,0,0,0.0,5,0,20200408
MAY 20,"52,719",0,"3,057","55,776",239,"2,533",0,0,"11,836",0.0,"96,475","-2,773",20200409
JUN 20,"40,114",0,728,"40,842",653,75,0,0,"6,346",0.0,"76,430","7,497",20200409
JUL 20,"23,309",0,625,"23,934",471,0,0,0,"1,727",0.0,"40,273","1,610",20200409
AUG 20,"11,356",0,100,"11,456",100,0,0,0,227,0.0,"21,250",-135,20200409
SEP 20,"10,383",0,117,"10,500",117,0,0,0,669,0.0,"33,173",743,20200409
OCT 20,"5,584",0,677,"6,261",677,0,0,0,38,0.0,"25,215","1,006",20200409
NOV 20,"3,908",0,420,"4,328",420,0,0,0,3,0.0,"14,673",2,20200409
DEC 20,"6,085",0,60,"6,145",60,0,0,0,0,0.0,"29,889",-812,20200409
JAN 21,922,0,0,922,0,0,0,0,0,0.0,"5,836",-127,20200409
FEB 21,439,0,0,439,0,0,0,0,0,0.0,"1,816",-131,20200409
MAR 21,538,0,0,538,0,0,0,0,0,0.0,"4,991",-48,20200409
APR 21,413,0,0,413,0,0,0,0,0,0.0,"4,663",55,20200409
MAY 21,394,0,0,394,0,0,0,0,0,0.0,"1,361",87,20200409
JUN 21,"1,121",0,160,"1,281",160,0,0,0,0,0.0,"14,966",418,20200409
JUL 21,0,0,0,0,0,0,0,0,0,0.0,507,0,20200409
AUG 21,3,0,0,3,0,0,0,0,0,0.0,370,1,20200409
SEP 21,10,0,0,10,0,0,0,0,0,0.0,886,5,20200409
OCT 21,5,0,0,5,0,0,0,0,0,0.0,263,0,20200409
NOV 21,1,0,0,1,0,0,0,0,0,0.0,341,0,20200409
DEC 21,360,0,0,360,0,0,0,0,0,0.0,"6,334",226,20200409
JAN 22,0,0,0,0,0,0,0,0,0,0.0,233,0,20200409
FEB 22,0,0,0,0,0,0,0,0,0,0.0,9,0,20200409
MAR 22,0,0,0,0,0,0,0,0,0,0.0,6,0,20200409
APR 22,0,0,0,0,0,0,0,0,0,0.0,11,0,20200409
MAY 22,0,0,0,0,0,0,0,0,0,0.0,33,0,20200409
JUN 22,0,0,0,0,0,0,0,0,0,0.0,271,0,20200409
JUL 22,0,0,0,0,0,0,0,0,0,0.0,1,0,20200409
AUG 22,0,0,0,0,0,0,0,0,0,0.0,3,0,20200409
SEP 22,0,0,0,0,0,0,0,0,0,0.0,1,0,20200409
OCT 22,0,0,0,0,0,0,0,0,0,0.0,2,0,20200409
NOV 22,0,0,0,0,0,0,0,0,0,0.0,1,0,20200409
DEC 22,0,0,0,0,0,0,0,0,0,0.0,3,0,20200409
JAN 23,0,0,0,0,0,0,0,0,0,0.0,5,0,20200409
MAY 20,"33,750",0,"2,569","36,319",300,"2,119",0,0,"7,159",0.0,"93,536","-2,878",20200413
JUN 20,"26,349",0,875,"27,224",575,300,0,0,"3,579",0.0,"77,446","3,129",20200413
JUL 20,"14,440",0,895,"15,335",745,0,0,0,"1,602",0.0,"40,998",730,20200413
AUG 20,"6,157",0,0,"6,157",0,0,0,0,353,0.0,"21,672",422,20200413
SEP 20,"6,481",0,0,"6,481",0,0,0,0,539,0.0,"33,283",110,20200413
OCT 20,"5,877",0,0,"5,877",0,0,0,0,57,0.0,"26,751","1,534",20200413
NOV 20,"5,827",0,695,"6,522",695,0,0,0,3,0.0,"14,863",190,20200413
DEC 20,"6,597",0,75,"6,672",75,0,0,0,0,0.0,"30,393",504,20200413
JAN 21,"1,056",0,0,"1,056",0,0,0,0,0,0.0,"5,802",-34,20200413
FEB 21,609,0,0,609,0,0,0,0,0,0.0,"1,850",34,20200413
MAR 21,"1,028",0,0,"1,028",0,0,0,0,0,0.0,"5,006",15,20200413
APR 21,664,0,0,664,0,0,0,0,0,0.0,"4,786",123,20200413
MAY 21,619,0,0,619,0,0,0,0,0,0.0,"1,352",-9,20200413
JUN 21,693,0,75,768,75,0,0,0,0,0.0,"15,323",357,20200413
JUL 21,12,0,0,12,0,0,0,0,0,0.0,500,-7,20200413
AUG 21,8,0,0,8,0,0,0,0,0,0.0,372,2,20200413
SEP 21,26,0,0,26,0,0,0,0,0,0.0,887,1,20200413
OCT 21,24,0,0,24,0,0,0,0,0,0.0,284,21,20200413
NOV 21,4,0,0,4,0,0,0,0,0,0.0,344,3,20200413
DEC 21,471,0,100,571,100,0,0,0,0,0.0,"6,386",52,20200413
JAN 22,0,0,0,0,0,0,0,0,0,0.0,233,0,20200413
FEB 22,0,0,0,0,0,0,0,0,0,0.0,9,0,20200413
MAR 22,0,0,0,0,0,0,0,0,0,0.0,6,0,20200413
APR 22,0,0,0,0,0,0,0,0,0,0.0,11,0,20200413
MAY 22,0,0,0,0,0,0,0,0,0,0.0,33,0,20200413
JUN 22,0,0,0,0,0,0,0,0,0,0.0,271,0,20200413
JUL 22,0,0,0,0,0,0,0,0,0,0.0,1,0,20200413
AUG 22,0,0,0,0,0,0,0,0,0,0.0,3,0,20200413
SEP 22,0,0,0,0,0,0,0,0,0,0.0,1,0,20200413
OCT 22,0,0,0,0,0,0,0,0,0,0.0,2,0,20200413
NOV 22,0,0,0,0,0,0,0,0,0,0.0,1,0,20200413
DEC 22,0,0,0,0,0,0,0,0,0,0.0,3,0,20200413
JAN 23,0,0,0,0,0,0,0,0,0,0.0,5,0,20200413
MAY 20,"47,497",0,"4,598","52,095",726,"3,724",0,0,"7,905",0.0,"88,305","-5,209",20200414
JUN 20,"50,138",0,"1,147","51,285","1,022",125,0,0,"5,716",0.0,"83,125","5,680",20200414
JUL 20,"25,493",0,664,"26,157",516,0,0,0,"1,192",0.0,"43,379","2,346",20200414
AUG 20,"12,081",0,770,"12,851",770,0,0,0,239,0.0,"22,799","1,127",20200414
SEP 20,"10,132",0,0,"10,132",0,0,0,0,835,0.0,"34,526","1,243",20200414
OCT 20,"6,543",0,0,"6,543",0,0,0,0,43,0.0,"27,588",837,20200414
NOV 20,"5,078",0,400,"5,478",400,0,0,0,27,0.0,"15,099",236,20200414
DEC 20,"8,074",0,100,"8,174",100,0,0,0,0,0.0,"31,035",641,20200414
JAN 21,798,0,200,998,200,0,0,0,0,0.0,"5,788",-14,20200414
FEB 21,664,0,0,664,0,0,0,0,0,0.0,"1,841",-9,20200414
MAR 21,697,0,0,697,0,0,0,0,0,0.0,"5,016",10,20200414
APR 21,541,0,200,741,200,0,0,0,0,0.0,"4,803",17,20200414
MAY 21,281,0,0,281,0,0,0,0,0,0.0,"1,422",70,20200414
JUN 21,756,0,400,"1,156",400,0,0,0,0,0.0,"15,605",282,20200414
JUL 21,0,0,0,0,0,0,0,0,0,0.0,500,0,20200414
AUG 21,0,0,0,0,0,0,0,0,0,0.0,372,0,20200414
SEP 21,1,0,0,1,0,0,0,0,0,0.0,887,0,20200414
OCT 21,2,0,0,2,0,0,0,0,0,0.0,286,2,20200414
NOV 21,1,0,0,1,0,0,0,0,0,0.0,345,1,20200414
DEC 21,554,0,475,"1,029",475,0,0,0,0,0.0,"7,040",654,20200414
JAN 22,0,0,0,0,0,0,0,0,0,0.0,233,0,20200414
FEB 22,0,0,0,0,0,0,0,0,0,0.0,9,0,20200414
MAR 22,0,0,0,0,0,0,0,0,0,0.0,6,0,20200414
APR 22,0,0,0,0,0,0,0,0,0,0.0,11,0,20200414
MAY 22,0,0,0,0,0,0,0,0,0,0.0,33,0,20200414
JUN 22,0,0,0,0,0,0,0,0,0,0.0,271,0,20200414
JUL 22,0,0,0,0,0,0,0,0,0,0.0,1,0,20200414
AUG 22,0,0,0,0,0,0,0,0,0,0.0,3,0,20200414
SEP 22,0,0,0,0,0,0,0,0,0,0.0,1,0,20200414
OCT 22,0,0,0,0,0,0,0,0,0,0.0,2,0,20200414
NOV 22,0,0,0,0,0,0,0,0,0,0.0,1,0,20200414
DEC 22,0,0,0,0,0,0,0,0,0,0.0,3,0,20200414
JAN 23,0,0,0,0,0,0,0,0,0,0.0,5,0,20200414
MAY 20,"41,196",0,"5,112","46,308","1,575","3,537",0,0,"5,776",0.0,"82,773","-4,479",20200415
JUN 20,"45,102",0,"2,425","47,527","2,175",250,0,0,"4,319",0.0,"82,772",-353,20200415
JUL 20,"23,663",0,400,"24,063",400,0,0,0,"1,178",0.0,"44,329",953,20200415
AUG 20,"13,361",0,0,"13,361",0,0,0,0,342,0.0,"23,160",358,20200415
SEP 20,"11,097",0,0,"11,097",0,0,0,0,210,0.0,"35,749","1,223",20200415
OCT 20,"5,538",0,300,"5,838",300,0,0,0,83,0.0,"27,860",272,20200415
NOV 20,"3,359",0,0,"3,359",0,0,0,0,25,0.0,"15,092",-7,20200415
DEC 20,"5,938",0,150,"6,088",150,0,0,0,0,0.0,"31,194",159,20200415
JAN 21,"1,495",0,0,"1,495",0,0,0,0,0,0.0,"6,038",250,20200415
FEB 21,750,0,0,750,0,0,0,0,0,0.0,"1,930",89,20200415
MAR 21,839,0,0,839,0,0,0,0,0,0.0,"5,159",143,20200415
APR 21,666,0,0,666,0,0,0,0,0,0.0,"5,017",214,20200415
MAY 21,624,0,0,624,0,0,0,0,0,0.0,"1,584",162,20200415
JUN 21,"1,456",0,0,"1,456",0,0,0,0,0,0.0,"16,145",540,20200415
JUL 21,1,0,0,1,0,0,0,0,0,0.0,500,0,20200415
AUG 21,0,0,0,0,0,0,0,0,0,0.0,372,0,20200415
SEP 21,52,0,0,52,0,0,0,0,0,0.0,886,-1,20200415
OCT 21,8,0,0,8,0,0,0,0,0,0.0,287,1,20200415
NOV 21,8,0,0,8,0,0,0,0,0,0.0,347,2,20200415
DEC 21,460,0,150,610,150,0,0,0,0,0.0,"7,221",181,20200415
JAN 22,2,0,0,2,0,0,0,0,0,0.0,233,0,20200415
FEB 22,0,0,0,0,0,0,0,0,0,0.0,9,0,20200415
MAR 22,0,0,0,0,0,0,0,0,0,0.0,6,0,20200415
APR 22,0,0,0,0,0,0,0,0,0,0.0,11,0,20200415
MAY 22,0,0,0,0,0,0,0,0,0,0.0,33,0,20200415
JUN 22,5,0,0,5,0,0,0,0,0,0.0,271,0,20200415
JUL 22,0,0,0,0,0,0,0,0,0,0.0,1,0,20200415
AUG 22,0,0,0,0,0,0,0,0,0,0.0,3,0,20200415
SEP 22,0,0,0,0,0,0,0,0,0,0.0,1,0,20200415
OCT 22,0,0,0,0,0,0,0,0,0,0.0,2,0,20200415
NOV 22,0,0,0,0,0,0,0,0,0,0.0,1,0,20200415
DEC 22,0,0,0,0,0,0,0,0,0,0.0,3,0,20200415
JAN 23,0,0,0,0,0,0,0,0,0,0.0,5,0,20200415
MAY 20,"49,655",0,"3,635","53,290","1,143","2,492",0,0,"6,849",0.0,"74,818","-7,809",20200416
JUN 20,"59,397",0,"1,447","60,844","1,322",125,0,0,"3,779",0.0,"92,170","6,917",20200416
JUL 20,"29,125",0,191,"29,316",191,0,0,0,"1,054",0.0,"47,464","2,853",20200416
AUG 20,"15,122",0,69,"15,191",69,0,0,0,48,0.0,"24,019",630,20200416
SEP 20,"15,237",0,350,"15,587",250,100,0,0,131,0.0,"36,681",928,20200416
OCT 20,"7,595",0,367,"7,962",367,0,0,0,60,0.0,"27,505",-357,20200416
NOV 20,"4,334",0,20,"4,354",20,0,0,0,25,0.0,"14,818",-274,20200416
DEC 20,"9,271",0,20,"9,291",20,0,0,0,0,0.0,"30,466",-728,20200416
JAN 21,"1,927",0,20,"1,947",20,0,0,0,0,0.0,"5,980",-58,20200416
FEB 21,"1,061",0,20,"1,081",20,0,0,0,0,0.0,"1,881",-49,20200416
MAR 21,"1,283",0,20,"1,303",20,0,0,0,0,0.0,"4,787",-372,20200416
APR 21,"1,745",0,100,"1,845",100,0,0,0,0,0.0,"5,579",562,20200416
MAY 21,552,0,0,552,0,0,0,0,0,0.0,"1,628",44,20200416
JUN 21,"1,342",0,435,"1,777",435,0,0,0,0,0.0,"16,846",701,20200416
JUL 21,1,0,0,1,0,0,0,0,0,0.0,499,-1,20200416
AUG 21,0,0,100,100,100,0,0,0,0,0.0,372,0,20200416
SEP 21,3,0,0,3,0,0,0,0,0,0.0,887,1,20200416
OCT 21,0,0,0,0,0,0,0,0,0,0.0,287,0,20200416
NOV 21,0,0,0,0,0,0,0,0,0,0.0,347,0,20200416
DEC 21,436,0,0,436,0,0,0,0,0,0.0,"7,408",187,20200416
JAN 22,0,0,0,0,0,0,0,0,0,0.0,233,0,20200416
FEB 22,0,0,0,0,0,0,0,0,0,0.0,9,0,20200416
MAR 22,0,0,0,0,0,0,0,0,0,0.0,6,0,20200416
APR 22,0,0,0,0,0,0,0,0,0,0.0,11,0,20200416
MAY 22,0,0,0,0,0,0,0,0,0,0.0,33,0,20200416
JUN 22,0,0,0,0,0,0,0,0,0,0.0,271,0,20200416
JUL 22,0,0,0,0,0,0,0,0,0,0.0,1,0,20200416
AUG 22,0,0,0,0,0,0,0,0,0,0.0,3,0,20200416
SEP 22,0,0,0,0,0,0,0,0,0,0.0,1,0,20200416
OCT 22,0,0,0,0,0,0,0,0,0,0.0,2,0,20200416
NOV 22,0,0,0,0,0,0,0,0,0,0.0,1,0,20200416
DEC 22,0,0,0,0,0,0,0,0,0,0.0,3,0,20200416
JAN 23,0,0,0,0,0,0,0,0,0,0.0,5,0,20200416
MAY 20,"35,069",0,"1,954","37,023",68,"1,886",0,0,"6,189",0.0,"69,811","-4,999",20200417
JUN 20,"46,201",0,"1,360","47,561","1,135",225,0,0,"3,275",0.0,"97,250","5,080",20200417
JUL 20,"23,727",0,620,"24,347",620,0,0,0,381,0.0,"49,495","2,031",20200417
AUG 20,"12,133",0,250,"12,383",250,0,0,0,356,0.0,"24,868",849,20200417
SEP 20,"9,568",0,300,"9,868",300,0,0,0,396,0.0,"36,600",-81,20200417
OCT 20,"4,647",0,300,"4,947",300,0,0,0,46,0.0,"27,854",347,20200417
NOV 20,"3,065",0,300,"3,365",300,0,0,0,29,0.0,"15,320",502,20200417
DEC 20,"6,453",0,350,"6,803",350,0,0,0,0,0.0,"31,011",545,20200417
JAN 21,767,0,300,"1,067",300,0,0,0,0,0.0,"6,068",88,20200417
FEB 21,512,0,300,812,300,0,0,0,0,0.0,"2,087",206,20200417
MAR 21,992,0,300,"1,292",300,0,0,0,0,0.0,"4,707",-80,20200417
APR 21,772,0,300,"1,072",300,0,0,0,0,0.0,"5,932",353,20200417
MAY 21,344,0,300,644,300,0,0,0,0,0.0,"1,646",18,20200417
JUN 21,"1,704",0,370,"2,074",370,0,0,0,0,0.0,"17,234",388,20200417
JUL 21,355,0,300,655,300,0,0,0,0,0.0,843,344,20200417
AUG 21,9,0,50,59,50,0,0,0,0,0.0,373,1,20200417
SEP 21,4,0,0,4,0,0,0,0,0,0.0,889,2,20200417
OCT 21,4,0,0,4,0,0,0,0,0,0.0,287,0,20200417
NOV 21,4,0,0,4,0,0,0,0,0,0.0,351,4,20200417
DEC 21,588,0,0,588,0,0,0,0,0,0.0,"7,505",97,20200417
JAN 22,1,0,0,1,0,0,0,0,0,0.0,233,0,20200417
FEB 22,0,0,0,0,0,0,0,0,0,0.0,9,0,20200417
MAR 22,0,0,0,0,0,0,0,0,0,0.0,6,0,20200417
APR 22,0,0,0,0,0,0,0,0,0,0.0,11,0,20200417
MAY 22,0,0,0,0,0,0,0,0,0,0.0,33,0,20200417
JUN 22,0,0,0,0,0,0,0,0,0,0.0,271,0,20200417
JUL 22,0,0,0,0,0,0,0,0,0,0.0,1,0,20200417
AUG 22,0,0,0,0,0,0,0,0,0,0.0,3,0,20200417
SEP 22,0,0,0,0,0,0,0,0,0,0.0,1,0,20200417
OCT 22,0,0,0,0,0,0,0,0,0,0.0,2,0,20200417
NOV 22,0,0,0,0,0,0,0,0,0,0.0,1,0,20200417
DEC 22,0,0,0,0,0,0,0,0,0,0.0,3,0,20200417
JAN 23,0,0,0,0,0,0,0,0,0,0.0,5,0,20200417
MAY 20,"29,983",0,"2,402","32,385",110,"2,231",0,0,"5,635",0.0,"61,645","-8,144",20200420
JUN 20,"58,309",0,851,"59,160",551,300,0,0,"4,363",0.0,"100,030","2,788",20200420
JUL 20,"29,510",0,551,"30,061",401,150,0,0,551,0.0,"51,153","1,658",20200420
AUG 20,"17,463",0,150,"17,613",150,0,0,0,190,0.0,"25,537",669,20200420
SEP 20,"13,296",0,0,"13,296",0,0,0,0,134,0.0,"37,671","1,071",20200420
OCT 20,"8,272",0,0,"8,272",0,0,0,0,7,0.0,"27,997",141,20200420
NOV 20,"6,972",0,0,"6,972",0,0,0,0,0,0.0,"16,165",845,20200420
DEC 20,"9,139",0,250,"9,389",250,0,0,0,0,0.0,"30,889",-122,20200420
JAN 21,"2,106",0,0,"2,106",0,0,0,0,0,0.0,"6,313",245,20200420
FEB 21,"1,127",0,0,"1,127",0,0,0,0,0,0.0,"2,015",-72,20200420
MAR 21,904,0,0,904,0,0,0,0,0,0.0,"4,570",-137,20200420
APR 21,952,0,0,952,0,0,0,0,0,0.0,"5,788",-144,20200420
MAY 21,667,0,0,667,0,0,0,0,0,0.0,"1,552",-94,20200420
JUN 21,"1,843",0,432,"2,275",432,0,0,0,0,0.0,"17,691",457,20200420
JUL 21,588,0,0,588,0,0,0,0,0,0.0,"1,248",405,20200420
AUG 21,65,0,0,65,0,0,0,0,0,0.0,381,8,20200420
SEP 21,80,0,0,80,0,0,0,0,0,0.0,908,19,20200420
OCT 21,2,0,0,2,0,0,0,0,0,0.0,288,1,20200420
NOV 21,14,0,0,14,0,0,0,0,0,0.0,352,1,20200420
DEC 21,922,0,0,922,0,0,0,0,0,0.0,"7,840",335,20200420
JAN 22,248,0,0,248,0,0,0,0,0,0.0,254,21,20200420
FEB 22,0,0,0,0,0,0,0,0,0,0.0,9,0,20200420
MAR 22,0,0,0,0,0,0,0,0,0,0.0,6,0,20200420
APR 22,0,0,0,0,0,0,0,0,0,0.0,11,0,20200420
MAY 22,0,0,0,0,0,0,0,0,0,0.0,33,0,20200420
JUN 22,6,0,96,102,96,0,0,0,0,0.0,271,0,20200420
JUL 22,0,0,0,0,0,0,0,0,0,0.0,1,0,20200420
AUG 22,0,0,0,0,0,0,0,0,0,0.0,3,0,20200420
SEP 22,0,0,0,0,0,0,0,0,0,0.0,1,0,20200420
OCT 22,0,0,0,0,0,0,0,0,0,0.0,2,0,20200420
NOV 22,0,0,0,0,0,0,0,0,0,0.0,1,0,20200420
DEC 22,0,0,0,0,0,0,0,0,0,0.0,3,0,20200420
JAN 23,0,0,0,0,0,0,0,0,0,0.0,5,0,20200420
MAY 20,"51,993",0,"3,815","55,808",432,"3,383",0,0,"12,843",0.0,"51,304","-10,026",20200421
JUN 20,"103,880",0,"1,849","105,729","1,524",325,0,0,"13,035",0.0,"95,090","-4,917",20200421
JUL 20,"46,336",0,"1,691","48,027","1,691",0,0,0,"2,691",0.0,"50,797",-367,20200421
AUG 20,"28,101",0,712,"28,813",712,0,0,0,190,0.0,"24,638",-899,20200421
SEP 20,"27,749",0,700,"28,449",700,0,0,0,908,0.0,"38,780","1,109",20200421
OCT 20,"13,063",0,258,"13,321",258,0,0,0,0,0.0,"27,385",-613,20200421
NOV 20,"11,011",0,0,"11,011",0,0,0,0,0,0.0,"16,623",458,20200421
DEC 20,"14,313",0,100,"14,413",100,0,0,0,0,0.0,"32,239","1,350",20200421
JAN 21,"3,425",0,0,"3,425",0,0,0,0,0,0.0,"6,893",580,20200421
FEB 21,"2,384",0,0,"2,384",0,0,0,0,0,0.0,"2,205",190,20200421
MAR 21,"1,905",0,0,"1,905",0,0,0,0,0,0.0,"4,813",243,20200421
APR 21,"1,271",0,0,"1,271",0,0,0,0,0,0.0,"5,786",-2,20200421
MAY 21,"1,047",0,1,"1,048",0,1,0,0,0,0.0,"1,534",-18,20200421
JUN 21,"2,295",0,125,"2,420",125,0,0,0,0,0.0,"18,647",956,20200421
JUL 21,268,0,0,268,0,0,0,0,0,0.0,"1,428",180,20200421
AUG 21,93,0,0,93,0,0,0,0,0,0.0,395,14,20200421
SEP 21,102,0,0,102,0,0,0,0,0,0.0,946,38,20200421
OCT 21,20,0,0,20,0,0,0,0,0,0.0,298,10,20200421
NOV 21,17,0,0,17,0,0,0,0,0,0.0,366,14,20200421
DEC 21,"1,825",0,0,"1,825",0,0,0,0,0,0.0,"8,777",937,20200421
JAN 22,367,0,0,367,0,0,0,0,0,0.0,393,139,20200421
FEB 22,0,0,0,0,0,0,0,0,0,0.0,9,0,20200421
MAR 22,0,0,0,0,0,0,0,0,0,0.0,6,0,20200421
APR 22,0,0,0,0,0,0,0,0,0,0.0,11,0,20200421
MAY 22,0,0,0,0,0,0,0,0,0,0.0,33,0,20200421
JUN 22,1,0,0,1,0,0,0,0,0,0.0,271,0,20200421
JUL 22,0,0,0,0,0,0,0,0,0,0.0,1,0,20200421
AUG 22,0,0,0,0,0,0,0,0,0,0.0,3,0,20200421
SEP 22,0,0,0,0,0,0,0,0,0,0.0,1,0,20200421
OCT 22,0,0,0,0,0,0,0,0,0,0.0,2,0,20200421
NOV 22,0,0,0,0,0,0,0,0,0,0.0,1,0,20200421
DEC 22,0,0,0,0,0,0,0,0,0,0.0,3,0,20200421
JAN 23,0,0,0,0,0,0,0,0,0,0.0,5,0,20200421
MAY 20,"41,292",0,"3,591","44,883",316,"3,275",0,0,"10,256",0.0,"39,993","-9,193",20200422
JUN 20,"86,063",0,"1,958","88,021",531,"1,397",0,0,"11,238",0.0,"103,400","6,424",20200422
JUL 20,"36,789",0,177,"36,966",177,0,0,0,"1,613",0.0,"50,266",-531,20200422
AUG 20,"20,294",0,200,"20,494",200,0,0,0,132,0.0,"24,423",-194,20200422
SEP 20,"18,401",0,100,"18,501",100,0,0,0,245,0.0,"39,802","1,080",20200422
OCT 20,"10,577",0,112,"10,689",112,0,0,0,0,0.0,"27,132",-253,20200422
NOV 20,"8,120",0,87,"8,207",87,0,0,0,0,0.0,"16,664",41,20200422
DEC 20,"11,739",0,150,"11,889",150,0,0,0,0,0.0,"30,855","-1,384",20200422
JAN 21,"2,141",0,0,"2,141",0,0,0,0,0,0.0,"7,232",339,20200422
FEB 21,"1,117",0,0,"1,117",0,0,0,0,0,0.0,"2,370",165,20200422
MAR 21,"1,097",0,0,"1,097",0,0,0,0,0,0.0,"4,712",-101,20200422
APR 21,975,0,0,975,0,0,0,0,0,0.0,"5,597",-189,20200422
MAY 21,399,0,0,399,0,0,0,0,0,0.0,"1,453",-81,20200422
JUN 21,"1,305",0,100,"1,405",100,0,0,0,0,0.0,"18,836",189,20200422
JUL 21,164,0,0,164,0,0,0,0,0,0.0,"1,501",73,20200422
AUG 21,0,0,0,0,0,0,0,0,0,0.0,395,0,20200422
SEP 21,0,0,0,0,0,0,0,0,0,0.0,946,0,20200422
OCT 21,0,0,0,0,0,0,0,0,0,0.0,298,0,20200422
NOV 21,2,0,0,2,0,0,0,0,0,0.0,368,2,20200422
DEC 21,557,0,100,657,100,0,0,0,0,0.0,"8,895",118,20200422
JAN 22,138,0,0,138,0,0,0,0,0,0.0,373,-20,20200422
FEB 22,0,0,0,0,0,0,0,0,0,0.0,9,0,20200422
MAR 22,0,0,0,0,0,0,0,0,0,0.0,6,0,20200422
APR 22,0,0,0,0,0,0,0,0,0,0.0,11,0,20200422
MAY 22,0,0,0,0,0,0,0,0,0,0.0,33,0,20200422
JUN 22,12,0,0,12,0,0,0,0,0,0.0,273,2,20200422
JUL 22,0,0,0,0,0,0,0,0,0,0.0,1,0,20200422
AUG 22,0,0,0,0,0,0,0,0,0,0.0,3,0,20200422
SEP 22,0,0,0,0,0,0,0,0,0,0.0,1,0,20200422
OCT 22,0,0,0,0,0,0,0,0,0,0.0,2,0,20200422
NOV 22,0,0,0,0,0,0,0,0,0,0.0,1,0,20200422
DEC 22,15,0,0,15,0,0,0,0,0,0.0,13,10,20200422
JAN 23,0,0,0,0,0,0,0,0,0,0.0,5,0,20200422
MAY 20,"24,478",0,"4,150","28,628",920,"3,086",0,0,"3,812",0.0,"24,374","-10,765",20200423
JUN 20,"72,473",0,"2,892","75,365","1,752","1,140",0,0,"3,901",0.0,"103,023",229,20200423
JUL 20,"39,032",0,"1,627","40,659","1,627",0,0,0,"1,052",0.0,"52,468","2,224",20200423
AUG 20,"20,462",0,"1,239","21,701","1,239",0,0,0,283,0.0,"23,396","-1,027",20200423
SEP 20,"19,191",0,"1,295","20,486","1,295",0,0,0,149,0.0,"39,968",156,20200423
OCT 20,"12,463",0,368,"12,831",368,0,0,0,3,0.0,"28,545","1,413",20200423
NOV 20,"7,947",0,0,"7,947",0,0,0,0,0,0.0,"16,584",-80,20200423
DEC 20,"11,691",0,750,"12,441",750,0,0,0,0,0.0,"31,913","1,058",20200423
JAN 21,"1,333",0,0,"1,333",0,0,0,0,0,0.0,"7,326",94,20200423
FEB 21,952,0,0,952,0,0,0,0,0,0.0,"2,479",109,20200423
MAR 21,"1,274",0,0,"1,274",0,0,0,0,0,0.0,"4,737",25,20200423
APR 21,"1,354",0,0,"1,354",0,0,0,0,0,0.0,"5,391",-206,20200423
MAY 21,637,0,0,637,0,0,0,0,0,0.0,"1,520",67,20200423
JUN 21,"1,496",0,0,"1,496",0,0,0,0,0,0.0,"19,111",275,20200423
JUL 21,84,0,0,84,0,0,0,0,0,0.0,"1,490",-11,20200423
AUG 21,40,0,50,90,50,0,0,0,0,0.0,441,46,20200423
SEP 21,58,0,0,58,0,0,0,0,0,0.0,974,28,20200423
OCT 21,15,0,0,15,0,0,0,0,0,0.0,292,-6,20200423
NOV 21,3,0,0,3,0,0,0,0,0,0.0,370,2,20200423
DEC 21,897,0,75,972,75,0,0,0,0,0.0,"8,982",87,20200423
JAN 22,295,0,0,295,0,0,0,0,0,0.0,650,277,20200423
FEB 22,0,0,0,0,0,0,0,0,0,0.0,9,0,20200423
MAR 22,0,0,0,0,0,0,0,0,0,0.0,6,0,20200423
APR 22,1,0,0,1,0,0,0,0,0,0.0,11,0,20200423
MAY 22,0,0,0,0,0,0,0,0,0,0.0,33,0,20200423
JUN 22,5,0,0,5,0,0,0,0,0,0.0,273,0,20200423
JUL 22,0,0,0,0,0,0,0,0,0,0.0,1,0,20200423
AUG 22,0,0,0,0,0,0,0,0,0,0.0,3,0,20200423
SEP 22,0,0,0,0,0,0,0,0,0,0.0,1,0,20200423
OCT 22,0,0,0,0,0,0,0,0,0,0.0,2,0,20200423
NOV 22,0,0,0,0,0,0,0,0,0,0.0,1,0,20200423
DEC 22,0,0,0,0,0,0,0,0,0,0.0,13,0,20200423
JAN 23,0,0,0,0,0,0,0,0,0,0.0,5,0,20200423
MAY 20,"22,479",0,"3,829","26,308","1,471","2,308",0,0,"7,331",0.0,"20,859","-3,501",20200424
JUN 20,"58,382",0,"4,638","63,020","2,859","1,684",0,0,"4,609",0.0,"103,969","1,173",20200424
JUL 20,"33,265",0,"1,475","34,740","1,475",0,0,0,"2,322",0.0,"52,620",152,20200424
AUG 20,"18,431",0,867,"19,298",867,0,0,0,139,0.0,"25,166","1,809",20200424
SEP 20,"13,578",0,885,"14,463",885,0,0,0,234,0.0,"41,756","1,802",20200424
OCT 20,"6,242",0,435,"6,677",435,0,0,0,3,0.0,"28,180",-359,20200424
NOV 20,"3,063",0,0,"3,063",0,0,0,0,0,0.0,"16,169",-415,20200424
DEC 20,"5,275",0,199,"5,474",199,0,0,0,0,0.0,"31,790",-119,20200424
JAN 21,735,0,100,835,100,0,0,0,0,0.0,"7,534",208,20200424
FEB 21,348,0,0,348,0,0,0,0,0,0.0,"2,566",87,20200424
MAR 21,244,0,0,244,0,0,0,0,0,0.0,"4,742",5,20200424
APR 21,539,0,0,539,0,0,0,0,0,0.0,"5,350",-41,20200424
MAY 21,325,0,0,325,0,0,0,0,0,0.0,"1,499",-21,20200424
JUN 21,614,0,257,871,257,0,0,0,0,0.0,"19,452",341,20200424
JUL 21,4,0,0,4,0,0,0,0,0,0.0,"1,490",0,20200424
AUG 21,14,0,0,14,0,0,0,0,0,0.0,445,4,20200424
SEP 21,35,0,75,110,75,0,0,0,0,0.0,"1,043",69,20200424
OCT 21,21,0,0,21,0,0,0,0,0,0.0,313,21,20200424
NOV 21,0,0,0,0,0,0,0,0,0,0.0,370,0,20200424
DEC 21,315,0,0,315,0,0,0,0,0,0.0,"8,977",-5,20200424
JAN 22,2,0,0,2,0,0,0,0,0,0.0,650,0,20200424
FEB 22,0,0,0,0,0,0,0,0,0,0.0,9,0,20200424
MAR 22,0,0,0,0,0,0,0,0,0,0.0,6,0,20200424
APR 22,0,0,0,0,0,0,0,0,0,0.0,11,0,20200424
MAY 22,4,0,0,4,0,0,0,0,0,0.0,37,4,20200424
JUN 22,8,0,0,8,0,0,0,0,0,0.0,277,4,20200424
JUL 22,0,0,0,0,0,0,0,0,0,0.0,1,0,20200424
AUG 22,0,0,0,0,0,0,0,0,0,0.0,3,0,20200424
SEP 22,0,0,0,0,0,0,0,0,0,0.0,1,0,20200424
OCT 22,0,0,0,0,0,0,0,0,0,0.0,2,0,20200424
NOV 22,0,0,0,0,0,0,0,0,0,0.0,1,0,20200424
DEC 22,2,0,0,2,0,0,0,0,0,0.0,15,2,20200424
JAN 23,0,0,0,0,0,0,0,0,0,0.0,5,0,20200424
